0.0,-46.646969546538784,-44.49597211396137,-42.67309664250489,-41.096983391190854,-39.71261221946149
0.005,-46.64801620350947,-44.496844723078375,-42.67383175247316,-41.09760843928748,-39.71314812679688
0.01,-46.651158041884806,-44.499464006252715,-42.676038227530924,-41.09948449244301,-39.714756576422836
0.015,-46.65640067292111,-44.50383433740936,-42.679719507878175,-41.102614280769615,-39.717439753829126
0.02,-46.663753478348006,-44.509963027994466,-42.684881343022894,-41.10700236619641,-39.72120131028503
0.025,-46.67322965510441,-44.51786035952253,-42.691531815672775,-41.11265516017263,-39.72604637608113
0.03,-46.684846278538444,-44.5275396295263,-42.69968137544528,-41.11958094863202,-39.731981579193665
0.035,-46.69862438465108,-44.53901721129945,-42.70934288266153,-41.12778992440175,-39.739015069498535
0.04,-46.71458907214381,-44.55231262794303,-42.72053166257125,-41.137294227294305,-39.747156548701234
0.045,-46.73276962522367,-44.567448641354765,-42.733265570442526,-41.14810799218034,-39.75641730618944
0.05,-46.75319965832594,-44.584451356937116,-42.74756506804163,-41.16024740540251,-39.766810261058005
0.055,-46.77591728414045,-44.6033503449496,-42.763453312128135,-41.17373076995706,-39.778350010602
0.06,-46.8009653463119,-44.62417877959116,-42.78095625569604,-41.18857857994422,-39.791052885622705
0.065,-46.82839151663738,-44.646973655309026,-42.80010280647922,-41.204813637272025,-39.804937012944684
0.07,-46.8582486999454,-44.671775780522694,-42.82092481773978,-41.22246104354366,-39.82002242929941
0.075,-46.890595226957586,-44.698630215462664,-42.84345741126934,-41.24154843819931,-39.8363310177503
0.08,-46.9254951909873,-44.727586361312646,-42.86773903773809,-41.2621060411665,-39.853886778567976
0.085,-46.9630188035491,-44.75869824360649,-42.89381168148353,-41.284166802171846,-39.8727158193161
0.09,-47.003242792568244,-44.792024794543686,-42.921721062967976,-41.30776654760953,-39.89284648656894
0.095,-47.046250847842146,-44.82763016766329,-42.95151686371047,-41.33294414323586,-39.914309484962295
0.1,-47.09213411911208,-44.86558408832007,-42.98325297594416,-41.35974167418473,-39.93713800854638
0.105,-47.14099177292138,-44.905962243909094,-43.016987779564325,-41.38820464399852,-39.96136788557716
0.11,-47.19293161539117,-44.94884671836333,-43.05278444929074,-41.41838219459611,-39.98703773802971
0.115,-47.24807078915883,-44.9943264761196,-43.09071129538124,-41.45032734935902,-40.01418915728255
0.12,-47.30653655403395,-45.042497901528485,-43.130842141709024,-41.48409728181341,-40.042866897611084
0.125,-47.368467162468015,-45.09346540059299,-43.17325674556684,-41.51975361272627,-40.07311908934312
0.13,-47.43401284275809,-45.147342072986646,-43.21804126419981,-41.55736273882604,-40.10499747377519
0.135,-47.50333690506997,-45.20425046355243,-43.265288773812365,-41.596996196811006,-40.138557662230276
0.14,-47.576616987947546,-45.26432340396013,-43.31509984766271,-41.63873106683221,-40.17385942196128
0.145,-47.654046466065,-45.32770495694474,-43.36758320087577,-41.68265042024733,-40.21096699197752
0.15,-47.73583604369299,-45.39455147762325,-43.42285641080133,-41.72884381714991,-40.24994943230261
0.155,-47.822215562834806,-45.46503280885868,-43.48104672315371,-41.77740786000772,-40.29088101067152
0.16,-47.91343606042949,-45.53933363060097,-43.54229195583972,-41.82844681071409,-40.33384163125466
0.165,-48.00977211565033,-45.61765498669211,-43.60674151436366,-41.88207327949815,-40.37891731067292
0.17,-48.111524536452315,-45.700216016918496,-43.67455753506314,-41.93840899548643,-40.4262007073578
0.175,-48.2190234445282,-45.78725592730399,-43.745916175260234,-41.997585670302215,-40.475791711236646
0.18,-48.33263183022636,-45.87903623798532,-43.821009072814604,-42.059745967983524,-40.52779810181224
0.185,-48.452749664423536,-45.97584335578635,-43.900045001672495,-42.12504459675791,-40.582336283991005
0.19,-48.57981867370077,-46.07799152817869,-43.98325175498578,-42.193649540916226,-40.63953211253459
0.195,-48.71432790959486,-46.18582624716324,-44.070878293441226,-42.26574345427571,-40.69952181781707
0.2,-48.8568202737331,-46.299728186357584,-44.16319720386752,-42.34152524064373,-40.76245304772368
0.205,-49.00790020038769,-46.42011777304995,-44.260507522325554,-42.42121185144648,-40.82848604310592
0.21,-49.168242749257644,-46.54746052028406,-44.363137987192964,-42.505040336475076,-40.89779496730556
0.215,-49.33860442797104,-46.68227327358612,-44.47145080182746,-42.593270190784345,-40.970569413998994
0.22,-49.51983615137092,-46.8251315648356,-44.58584600398978,-42.68618604949679,-41.047016122143596
0.225,-49.71289886085743,-46.9766783144215,-44.706766561422924,-42.78410079302391,-41.127360932322276
0.23,-49.918882482297846,-47.13763418621096,-44.83470434107054,-42.88735913864264,-41.211851025541044
0.235,-50.139029112005375,-47.30880998311687,-44.97020713546441,-42.996341811071915,-41.3007574937903
0.24,-50.37476160876786,-47.49112158040529,-45.113886976070575,-43.11147040588271,-41.394378302013315
0.245,-50.62771917113867,-47.685608041627205,-45.266430023273244,-43.2332130862871,-41.49304171375539
0.25,-50.8998039572701,-47.893453760156895,-45.42860840178097,-43.36209128782101,-41.59711026887254
0.255,-51.193231157306485,-48.11601762703674,-45.601294453770905,-43.49868764972893,-41.70698542143257
0.26,-51.5106111150913,-48.35486030601327,-45.78547971691293,-43.64365544838559,-41.82311297172489
0.265,-51.85503888758121,-48.61179583074563,-45.98229004419696,-43.79773132046811,-41.94598945831341
0.27,-52.230221253342116,-48.88894011986601,-46.19301975426972,-43.961743753609035,-42.076170891514835
0.275,-52.640645674260824,-49.18878158014097,-46.41915894869583,-44.136636502251044,-42.214277569735856
0.28,-53.09181162534521,-49.51427124774038,-46.66243516405543,-44.32348444884579,-42.3610105323834
0.285,-53.59055409304194,-49.86894168232056,-46.92486468610043,-44.52351933699574,-42.517161011392275
0.29,-54.1455070982066,-50.25706633012266,-47.20881831357743,-44.73816048674888,-42.683626924089566
0.295,-54.767786852409714,-50.68387704308587,-47.51710671301203,-44.96905327220347,-42.861432009488844
0.3,-55.472032530819,-51.15586716275814,-47.85309276885443,-45.21811781737948,-43.05174936066223
0.305,-56.27805572306766,-51.68122392885827,-48.22084181039387,-45.48761131904114,-43.25593060782394
0.31,-57.213582821842465,-52.2704625156353,-48.625326072878316,-45.78020880412333,-43.475542442484844
0.315,-58.31909376978763,-52.93738602251936,-49.072708618534634,-46.09910922418044,-43.71241279008859
0.32,-59.657032837832176,-53.70059549355438,-49.57074676682456,-46.448176994713094,-43.968689826303226
0.325,-61.33119941042808,-54.58597721989341,-50.12938077591133,-46.83213411255369,-44.24691833175725
0.33,-63.53376128731518,-55.63104006175591,-50.76161995543914,-47.256826080601456,-44.55013981934815
0.335,-66.68673431812915,-56.89304626496141,-51.4849265531402,-47.72959832157471,-44.882025824374864
0.34,-72.07167819797205,-58.46577683673316,-52.3234752121655,-48.259842917834135,-45.24705836186588
0.345,-92.76926829913961,-60.518979311308165,-53.312049218723736,-48.85981702996979,-45.6507789518779
0.35,-73.2998911019473,-63.411518353877966,-54.503239446727505,-49.54591241481487,-46.10013983263063
0.355,-66.56310301484321,-68.14914799869103,-55.9820014619126,-50.340710807350774,-46.60401187400551
0.36,-62.63261160736964,-81.02947019596488,-57.89896788071293,-51.27649089566003,-47.173940871823916
0.365,-59.794158020727735,-72.61031845525939,-60.56193223752643,-52.4016198575396,-47.825313154643645
0.37,-57.53931244606405,-64.73700420486637,-64.77688970414312,-53.793242877691945,-48.579227720985116
0.375,-55.64683163146812,-60.44583667406692,-74.43118659944757,-55.58558017381831,-49.465658595590305
0.38,-54.000201645289806,-57.40732244309726,-72.87800671236846,-58.044615864081514,-50.529144070613455
0.385,-52.53040588426,-55.009836606665544,-63.384500285541314,-61.82738577867311,-51.83988861890356
0.39,-51.1931369532737,-52.99966918787352,-58.673096053422135,-69.58524959751895,-53.517929896800624
0.395,-49.958234999650884,-51.24654404946764,-55.41550823893033,-74.51577017235937,-55.7946516941534
0.4,-48.80424462760399,-49.67434782734375,-52.86582683540541,-62.44631601816698,-59.21333723759642
0.405,-47.71538273412148,-48.23447754590048,-50.73096847093399,-57.236129672222454,-65.69157839787391
0.41,-46.67973318520852,-46.89384141666564,-48.86446069233755,-53.737111605189234,-79.12288139099027
0.415,-45.688201613681294,-45.62865258678029,-47.181756199869476,-51.02486909731374,-61.90098435548245
0.42,-44.733749460407466,-44.421108902029786,-45.62896726584145,-48.75817337757172,-56.08478112617824
0.425,-43.81100422576214,-43.25740623434498,-44.168971561335795,-46.77126223621558,-52.317709206087024
0.43,-42.91598880483669,-42.12653521986294,-42.77444367840792,-44.969523649705955,-49.43156400705127
0.435,-42.04598889447034,-41.019540249572245,-41.42399972592834,-43.29235839942865,-47.02565228247302
0.44,-41.1995228736005,-39.92908604013911,-40.099878920212824,-41.69703297517074,-44.91124545352325
0.445,-40.37640101940642,-38.849262713194726,-38.786436183588336,-40.15053257533768,-42.98157628256233
0.45,-39.57786672367164,-37.775617898027456,-37.46908738506721,-38.624831191595874,-41.167411402721896
0.455,-38.80681193219364,-36.705454592538736,-36.13353348031545,-37.093640882547014,-39.41793928411901
0.46,-38.06805048562876,-35.638488080906775,-34.76521734963012,-35.529624104049766,-37.69074964471005
0.465,-37.36861304510532,-34.57801771115931,-33.34912562864778,-33.90131553312975,-35.945127082421855
0.47,-36.71799244811406,-33.53282412684128,-31.870347669851775,-32.16884705289932,-34.135759702337126
0.475,-36.12821914221028,-32.51998096501443,-30.316706176761947,-30.27707828533472,-32.20415735852854
0.48,-35.613594847448574,-31.568481935634118,-28.686532482588763,-28.143047434572633,-30.062965237108553
0.485,-35.18989205892128,-30.722646495959122,-27.00978020213728,-25.63223005192899,-27.559258175247813
0.49,-34.87289278189223,-30.042445727604836,-25.39772594994912,-22.520204253390787,-24.364180828345514
0.495,-34.67634109318548,-29.59569009960344,-24.124054098025862,-18.576602235638553,-19.4654404337287
0.5,-34.609696358796654,-29.439226948200357,-23.617553813486683,-15.66964447202751,-0.009738593992025733
0.505,-34.676341286378204,-29.595688740941775,-24.124055444129123,-18.57661496153187,-19.465454896959184
0.51,-34.87289315479067,-30.042453199301058,-25.39772807278878,-22.520185214002673,-24.36418971272473
0.515,-35.189892586189394,-30.722647625924203,-27.009790148486484,-25.632233458278048,-27.559262157176295
0.52,-35.61359550516801,-31.56847487842365,-28.686555860759093,-28.14305593431299,-30.06297103821455
0.525,-36.12821991707745,-32.51998649624781,-30.316723755321977,-30.277086936051262,-32.20416030444416
0.53,-36.71799334329721,-33.53282317808151,-31.87035309227997,-32.16885384845385,-34.13577055964454
0.535,-37.368614270641245,-34.57801976001799,-33.34912123648851,-33.90131226664673,-35.94512920469612
0.54,-38.06805289710528,-35.63848919953318,-34.765218447442074,-35.52962814970999,-37.69075200175394
0.545,-38.80681713159137,-36.70545598878043,-36.13353494096179,-37.09364286675685,-39.417956621335534
0.55,-39.577876287225266,-37.77561940287167,-37.46909332169856,-38.62483333175124,-41.16741406006401
0.555,-40.37640220162476,-38.84927922921182,-38.78644790625959,-40.150540740317375,-42.98157906985412
0.56,-41.199524091424784,-39.929087616315734,-40.09988994987043,-41.69705872694305,-44.9112751372633
0.565,-42.045990146648215,-41.01955104881074,-41.42400167020238,-43.29236106106306,-47.02565604854073
0.57,-42.91599009235303,-42.12653685059456,-42.774453457019945,-44.969535182089324,-49.43156782982959
0.575,-43.811005551563085,-43.25740790834488,-44.16897437821264,-46.77126857316625,-52.31775234044365
0.58,-44.73375082930491,-44.42111063234569,-45.62897924723552,-48.75817707241847,-56.08485005656425
0.585,-45.688213779387,-45.62865438861914,-47.18177110606875,-51.024886882417206,-61.90095876209996
0.59,-46.679741436592735,-46.89384331360059,-48.86446619468757,-53.73713002053452,-79.12350338625859
0.595,-47.71537745095293,-48.23448224856202,-50.73097137667035,-57.23614447878859,-65.69148220465868
0.6,-48.804240910738905,-49.67433804502443,-52.86581575457116,-62.446301478642056,-59.21332402487141
0.605,-49.958232729414945,-51.2465489286737,-55.41550191225912,-74.5157544040601,-55.79465037291953
0.61,-51.193136012519275,-52.99966678871516,-58.67309381065441,-69.58524610292183,-53.517927970262335
0.615,-52.53040602917447,-55.00983629396725,-63.38450310874766,-61.82738191963444,-51.83988693536258
0.62,-54.00020263623209,-57.4073574920969,-72.8780194435343,-58.04461269073843,-50.52914007490906
0.625,-55.64683544065112,-60.44584806016662,-74.43116202367658,-55.58557761177955,-49.465645852276275
0.63,-57.53931517170485,-64.73701112809808,-64.77684871394844,-53.793240790223855,-48.57921723070055
0.635,-59.79416122755099,-72.61033429988993,-60.5618882455932,-52.40161813149729,-47.82530662768454
0.64,-62.63261602458063,-81.0293284992136,-57.89896480674598,-51.27648944643244,-47.17393540436879
0.645,-66.5631097663466,-68.14912650180828,-55.98199420970489,-50.340708797294916,-46.60400612364637
0.65,-73.29990518887347,-63.41151331043732,-54.503237514076446,-49.54591084671341,-46.100139142005744
0.655,-92.76914184579253,-60.51897587468402,-53.31203383662534,-48.859816039961274,-45.65077827179674
0.66,-72.07166709873701,-58.46577426566944,-52.32346981335731,-48.25984209861214,-45.24705780301319
0.665,-66.68667869790008,-56.89303302901188,-51.4849254233757,-47.72959717440426,-44.88202531730339
0.67,-63.53375753887025,-55.631036692631845,-50.761618972612595,-47.256825428100065,-44.550139356987756
0.675,-61.331167125910746,-54.585975821007224,-50.12937979805358,-46.83213278595211,-44.246917905440384
0.68,-59.657030672223954,-53.70059387449327,-49.57074599183859,-46.44817646113233,-43.96868943692275
0.685,-58.31909194776366,-52.937377940104646,-49.07270567654733,-46.099108736725015,-43.71241242126824
0.69,-57.21358074275595,-52.27046160290372,-48.62532545291475,-45.78020834631105,-43.47554210981712
0.695,-56.27805142811237,-51.68121636653951,-48.220840192207916,-45.48761090953231,-43.25592743487282
0.7,-55.47202240561552,-51.15586614430272,-47.85309086404733,-45.218117395720334,-43.0517490730984
0.705,-54.767785888396865,-50.68387638563572,-47.517105484164105,-44.969052922420616,-42.86143119764983
0.71,-54.14550624210691,-50.257065099777485,-47.208817679891396,-44.738156957603266,-42.68362660308132
0.715,-53.59055332638468,-49.86894114135094,-46.9248642879564,-44.523519013344654,-42.517158748459885
0.72,-53.09181093392535,-49.514270752275536,-46.66243450683369,-44.323484166804704,-42.36101031153217
0.725,-52.64063937470862,-49.18877583840281,-46.41915860583508,-44.13663623772141,-42.21427705601929
0.73,-52.23021933715348,-48.88893938389626,-46.19301943334112,-43.961743506507474,-42.07617046156968
0.735,-51.85503825519132,-48.61179544150425,-45.98228974662831,-43.79773108853062,-41.94598990294846
0.74,-51.5106106328522,-48.35485976754089,-45.785479255523796,-43.64365621493701,-41.82311334931816
0.745,-51.19323069617427,-48.116016493308805,-45.60129362810828,-43.498688116592746,-41.7069856383563
0.75,-50.8998032801349,-47.89345392706616,-45.42860893816627,-43.3620894512092,-41.597110371388844
0.755,-50.62771911935201,-47.685608367220624,-45.26643032061669,-43.233213119115604,-41.49304168660683
0.76,-50.37476029222859,-47.491121871888055,-45.11388450777233,-43.111470439235724,-41.39437828193361
0.765,-50.139026983080754,-47.30881010563125,-44.97020659405826,-42.996341121630266,-41.30075592758334
0.77,-49.918880238615984,-47.13763396564993,-44.83470423416276,-42.88735907732715,-41.21184985689193
0.775,-49.71289707282044,-46.97667679301992,-44.706766478403004,-42.784100708633844,-41.12736075505552
0.78,-49.519835030031444,-46.82513146034289,-44.58584590105136,-42.68618592774989,-41.0470149543937
0.785,-49.338603853809175,-46.68227314307873,-44.471450684525145,-42.59327008570285,-40.970569291482015
0.79,-49.168242466688795,-46.54746037581922,-44.36313783697326,-42.505039534730216,-40.89779485522021
0.795,-49.007900006484704,-46.42011548069899,-44.26050737598733,-42.42121174331053,-40.82848587503573
0.8,-48.85682008796705,-46.299727253221064,-44.16319675908686,-42.34152490861044,-40.762452582423734
0.805,-48.71432772434747,-46.18582591081392,-44.070877572032366,-42.265741981109635,-40.699520994500595
0.81,-48.57981846228047,-46.07799135409035,-43.98325101886,-42.193648692450445,-40.63953202878844
0.815,-48.452749328759154,-45.97584321276485,-43.900044302980916,-42.12504331148858,-40.58233615024445
0.82,-48.33263122075885,-45.87903610323859,-43.82100822415018,-42.05974587614145,-40.52779800898372
0.825,-48.21902242870362,-45.7872557986662,-43.74591491790744,-41.99758558248219,-40.47579163743028
0.83,-48.11152306565988,-45.70021502990745,-43.67455593536069,-41.93840891163838,-40.4262006369331
0.835,-48.00977025223289,-45.61765485763404,-43.60674141828724,-41.88207319952792,-40.378917018838195
0.84,-47.913435924174344,-45.539333519424744,-43.54229048728669,-41.8284456894789,-40.33384131067757
0.845,-47.822215433604825,-45.465032666484255,-43.48104545586505,-41.77740724900954,-40.29088089169502
0.85,-47.7358359212012,-45.394551197958165,-43.42285532920854,-41.728843431014006,-40.249949373799126
0.855,-47.65404470134293,-45.32770447739203,-43.36758220874344,-41.68265002757057,-40.21096693647239
0.86,-47.57661554409988,-45.26432274227445,-43.31509887857142,-41.638730688437704,-40.17385936913097
0.865,-47.50333578859209,-45.20424968416708,-43.26528790472175,-41.59699591846379,-40.13855761167852
0.87,-47.434012020185534,-45.14734124990814,-43.218040654004284,-41.557362538763314,-40.10499742602963
0.875,-47.368466579730246,-45.09346459684864,-43.17325642261756,-41.519753493948855,-40.073119040514726
0.88,-47.30653615242474,-45.04249716220378,-43.130841990250616,-41.48409720311723,-40.04286683162508
0.885,-47.24807051554169,-44.99432582844945,-43.09071121047423,-41.450327301312996,-40.01418910995569
0.89,-47.1929314272342,-44.94884617452214,-43.05278438626058,-41.418382068516244,-39.98703763123095
0.895,-47.14099163915779,-44.90596180445408,-43.016987725024805,-41.38820460121242,-39.96136783054236
0.9,-47.09213401875311,-44.865583745553735,-42.983252926199036,-41.3597416335589,-39.9371377967704
0.905,-47.04625076766085,-44.82762990870899,-42.95151681763539,-41.33294410508655,-39.91430925507312
0.91,-47.00324272474717,-44.79202460405836,-42.9217210201406,-41.307766511962704,-39.89284635181975
0.915,-46.963018743736455,-44.75869810597332,-42.893811641678184,-41.28416676885527,-39.872715422993636
0.92,-46.92549513688918,-44.72758626232923,-42.86773900078255,-41.262105949360624,-39.85388675198633
0.925,-46.89059517741775,-44.69863014332549,-42.84345737701657,-41.241548408610015,-39.836330963820174
0.93,-46.85824865439458,-44.671775726215785,-42.820924786071195,-41.22246101674011,-39.82002240639251
0.935,-46.82839147478981,-44.64697361249619,-42.80010277730594,-41.20481353912339,-39.80493701576738
0.94,-46.80096530801097,-44.624178774616745,-42.78095625178143,-41.188578572928016,-39.79105287875992
0.945,-46.775917268934045,-44.60335032959709,-42.76345329905965,-41.173730423179045,-39.77834999912046
0.95,-46.75319963594208,-44.58445133721903,-42.747565051248905,-41.160247390407676,-39.76681024736965
0.955,-46.73276960094305,-44.5674486207386,-42.73326521875653,-41.14810797644011,-39.75641729212202
0.96,-46.714589048738134,-44.55231260831684,-42.72053157628723,-41.13729421252152,-39.74715652523489
0.965,-46.69862404415053,-44.539017193611855,-42.70934285870811,-41.12778991150194,-39.73901505855204
0.97,-46.684846163708535,-44.527539614203064,-42.69968136203708,-41.119580937594684,-39.731981522887104
0.975,-46.67322961610339,-44.517860346724525,-42.69153180489137,-41.11265515100851,-39.72604636618111
0.98,-46.66375346176182,-44.50996301776507,-42.68488133440731,-41.1070023586771,-39.72120130400436
0.985,-46.65640066323213,-44.50383424898084,-42.67971950142592,-41.10261427520989,-39.717439749126775
0.99,-46.6511580357411,-44.499463992874915,-42.67603822322684,-41.099484488790345,-39.714756573291254
0.995,-46.648016200453235,-44.49684472025759,-42.673831750294504,-41.09760843722498,-39.713148125227285
1.0,-46.646969546539395,-44.49597211396137,-42.67309664250489,-41.096983391190854,-39.71261221946149
